algoritmo,tamanho,tipo,execucao,comparacoes,movimentacoes,tempo
Bolha,10000,1,1,9999,0,0.000003
Coquetel,10000,1,1,9999,0,0.000003
Selecao,10000,1,1,49995000,0,0.025959
Insercao,10000,1,1,9999,19998,0.000006
Shellsort,10000,1,1,94222,188444,0.000086
Mergesort,10000,1,1,64608,198224,0.000106
Heapsort,10000,1,1,243914,395868,0.000462
Quicksort,10000,1,1,112045,25113,0.000073
Introsort,10000,1,1,112045,25113,0.000066
Contagem,10000,1,1,9999,29999,0.000018
Balde,10000,1,1,19999,49999,0.000358
Radixsort C.,10000,1,1,0,180000,0.000508
Radixsort B.,10000,1,1,0,180000,0.002016
Bolha,10000,1,2,9999,0,0.000003
Coquetel,10000,1,2,9999,0,0.000003
Selecao,10000,1,2,49995000,0,0.027211
Insercao,10000,1,2,9999,19998,0.000006
Shellsort,10000,1,2,94222,188444,0.000092
Mergesort,10000,1,2,64608,198224,0.000109
Heapsort,10000,1,2,243914,395868,0.000441
Quicksort,10000,1,2,112045,25113,0.000078
Introsort,10000,1,2,112045,25113,0.000070
Contagem,10000,1,2,9999,29999,0.000019
Balde,10000,1,2,19999,49999,0.000388
Radixsort C.,10000,1,2,0,180000,0.000523
Radixsort B.,10000,1,2,0,180000,0.001895
Bolha,10000,1,3,9999,0,0.000003
Coquetel,10000,1,3,9999,0,0.000003
Selecao,10000,1,3,49995000,0,0.026558
Insercao,10000,1,3,9999,19998,0.000006
Shellsort,10000,1,3,94222,188444,0.000086
Mergesort,10000,1,3,64608,198224,0.000104
Heapsort,10000,1,3,243914,395868,0.000419
Quicksort,10000,1,3,112045,25113,0.000073
Introsort,10000,1,3,112045,25113,0.000065
Contagem,10000,1,3,9999,29999,0.000018
Balde,10000,1,3,19999,49999,0.000356
Radixsort C.,10000,1,3,0,180000,0.000507
Radixsort B.,10000,1,3,0,180000,0.001750
Bolha,10000,2,1,49995000,149985000,0.057146
Coquetel,10000,2,1,49995000,149985000,0.068485
Selecao,10000,2,1,49995000,15000,0.024425
Insercao,10000,2,1,49995000,50014998,0.017427
Shellsort,10000,2,1,134551,234260,0.000133
Mergesort,10000,2,1,69008,267232,0.000149
Heapsort,10000,2,1,213394,350088,0.000416
Quicksort,10000,2,1,166180,43182,0.000104
Introsort,10000,2,1,219597,46021,0.000115
Contagem,10000,2,1,9999,20000,0.000017
Balde,10000,2,1,19999,40000,0.000394
Radixsort C.,10000,2,1,0,180000,0.000530
Radixsort B.,10000,2,1,0,180000,0.001705
Bolha,10000,2,2,49995000,149985000,0.057157
Coquetel,10000,2,2,49995000,149985000,0.066814
Selecao,10000,2,2,49995000,15000,0.023929
Insercao,10000,2,2,49995000,50014998,0.016513
Shellsort,10000,2,2,134551,234260,0.000149
Mergesort,10000,2,2,69008,267232,0.000182
Heapsort,10000,2,2,213394,350088,0.000417
Quicksort,10000,2,2,166180,43182,0.000104
Introsort,10000,2,2,219597,46021,0.000115
Contagem,10000,2,2,9999,20000,0.000017
Balde,10000,2,2,19999,40000,0.000365
Radixsort C.,10000,2,2,0,180000,0.000487
Radixsort B.,10000,2,2,0,180000,0.001697
Bolha,10000,2,3,49995000,149985000,0.056162
Coquetel,10000,2,3,49995000,149985000,0.066448
Selecao,10000,2,3,49995000,15000,0.023491
Insercao,10000,2,3,49995000,50014998,0.016928
Shellsort,10000,2,3,134551,234260,0.000132
Mergesort,10000,2,3,69008,267232,0.000149
Heapsort,10000,2,3,213394,350088,0.000416
Quicksort,10000,2,3,166180,43182,0.000104
Introsort,10000,2,3,219597,46021,0.000114
Contagem,10000,2,3,9999,20000,0.000017
Balde,10000,2,3,19999,40000,0.000362
Radixsort C.,10000,2,3,0,180000,0.000486
Radixsort B.,10000,2,3,0,180000,0.001684
Bolha,10000,3,1,49972209,75098871,0.089990
Coquetel,10000,3,1,37681797,75098871,0.069969
Selecao,10000,3,1,49995000,29958,0.025390
Insercao,10000,3,1,25042946,25052955,0.008318
Shellsort,10000,3,1,190519,289459,0.000703
Mergesort,10000,3,1,120453,259457,0.000574
Heapsort,10000,3,1,228284,372423,0.000627
Quicksort,10000,3,1,178837,95809,0.000466
Introsort,10000,3,1,155495,76713,0.000418
Contagem,10000,3,1,9999,20011,0.000166
Balde,10000,3,1,20396,40408,0.000563
Radixsort C.,10000,3,1,0,180000,0.000520
Radixsort B.,10000,3,1,0,180000,0.001877
Bolha,10000,3,2,49971129,74940090,0.091803
Coquetel,10000,3,2,37527479,74940090,0.072063
Selecao,10000,3,2,49995000,29961,0.026167
Insercao,10000,3,2,24990023,25000028,0.008513
Shellsort,10000,3,2,190845,289625,0.000566
Mergesort,10000,3,2,120377,259406,0.000543
Heapsort,10000,3,2,228484,372723,0.000594
Quicksort,10000,3,2,168365,88304,0.000426
Introsort,10000,3,2,155013,76152,0.000418
Contagem,10000,3,2,9999,20010,0.000197
Balde,10000,3,2,20386,40397,0.000558
Radixsort C.,10000,3,2,0,180000,0.000516
Radixsort B.,10000,3,2,0,180000,0.001795
Bolha,10000,3,3,49971129,74940090,0.090039
Coquetel,10000,3,3,37527479,74940090,0.070466
Selecao,10000,3,3,49995000,29961,0.025721
Insercao,10000,3,3,24990023,25000028,0.009223
Shellsort,10000,3,3,190845,289625,0.000584
Mergesort,10000,3,3,120377,259406,0.000558
Heapsort,10000,3,3,228484,372723,0.000607
Quicksort,10000,3,3,168365,88304,0.000437
Introsort,10000,3,3,155013,76152,0.000429
Contagem,10000,3,3,9999,20010,0.000169
Balde,10000,3,3,20386,40397,0.000543
Radixsort C.,10000,3,3,0,180000,0.000495
Radixsort B.,10000,3,3,0,180000,0.001929
Bolha,20000,1,1,19999,0,0.000006
Coquetel,20000,1,1,19999,0,0.000006
Selecao,20000,1,1,199990000,0,0.101689
Insercao,20000,1,1,19999,39998,0.000011
Shellsort,20000,1,1,204285,408570,0.000182
Mergesort,20000,1,1,139216,426448,0.000210
Heapsort,20000,1,1,525758,848634,0.000837
Quicksort,20000,1,1,244093,50233,0.000148
Introsort,20000,1,1,244093,50233,0.000135
Contagem,20000,1,1,19999,59999,0.000050
Balde,20000,1,1,39999,99999,0.000714
Radixsort C.,20000,1,1,0,360000,0.000997
Radixsort B.,20000,1,1,0,360000,0.003465
Bolha,20000,1,2,19999,0,0.000006
Coquetel,20000,1,2,19999,0,0.000006
Selecao,20000,1,2,199990000,0,0.102323
Insercao,20000,1,2,19999,39998,0.000012
Shellsort,20000,1,2,204285,408570,0.000182
Mergesort,20000,1,2,139216,426448,0.000292
Heapsort,20000,1,2,525758,848634,0.000884
Quicksort,20000,1,2,244093,50233,0.000148
Introsort,20000,1,2,244093,50233,0.000136
Contagem,20000,1,2,19999,59999,0.000049
Balde,20000,1,2,39999,99999,0.000759
Radixsort C.,20000,1,2,0,360000,0.001030
Radixsort B.,20000,1,2,0,360000,0.003623
Bolha,20000,1,3,19999,0,0.000006
Coquetel,20000,1,3,19999,0,0.000006
Selecao,20000,1,3,199990000,0,0.101318
Insercao,20000,1,3,19999,39998,0.000011
Shellsort,20000,1,3,204285,408570,0.000185
Mergesort,20000,1,3,139216,426448,0.000211
Heapsort,20000,1,3,525758,848634,0.000838
Quicksort,20000,1,3,244093,50233,0.000148
Introsort,20000,1,3,244093,50233,0.000138
Contagem,20000,1,3,19999,59999,0.000049
Balde,20000,1,3,39999,99999,0.000714
Radixsort C.,20000,1,3,0,360000,0.000996
Radixsort B.,20000,1,3,0,360000,0.003497
Bolha,20000,2,1,199990000,599970000,0.222433
Coquetel,20000,2,1,199990000,599970000,0.267136
Selecao,20000,2,1,199990000,30000,0.097091
Insercao,20000,2,1,199990000,200029998,0.067217
Shellsort,20000,2,1,282063,499854,0.000276
Mergesort,20000,2,1,148016,574464,0.000311
Heapsort,20000,2,1,468670,763002,0.000861
Quicksort,20000,2,1,364560,86352,0.000214
Introsort,20000,2,1,487767,92105,0.000242
Contagem,20000,2,1,19999,40000,0.000049
Balde,20000,2,1,39999,80000,0.000845
Radixsort C.,20000,2,1,0,360000,0.000966
Radixsort B.,20000,2,1,0,360000,0.003448
Bolha,20000,2,2,199990000,599970000,0.221461
Coquetel,20000,2,2,199990000,599970000,0.274283
Selecao,20000,2,2,199990000,30000,0.094377
Insercao,20000,2,2,199990000,200029998,0.066954
Shellsort,20000,2,2,282063,499854,0.000294
Mergesort,20000,2,2,148016,574464,0.000346
Heapsort,20000,2,2,468670,763002,0.000890
Quicksort,20000,2,2,364560,86352,0.000248
Introsort,20000,2,2,487767,92105,0.000243
Contagem,20000,2,2,19999,40000,0.000049
Balde,20000,2,2,39999,80000,0.000878
Radixsort C.,20000,2,2,0,360000,0.001001
Radixsort B.,20000,2,2,0,360000,0.003573
Bolha,20000,2,3,199990000,599970000,0.224113
Coquetel,20000,2,3,199990000,599970000,0.265509
Selecao,20000,2,3,199990000,30000,0.094436
Insercao,20000,2,3,199990000,200029998,0.066897
Shellsort,20000,2,3,282063,499854,0.000277
Mergesort,20000,2,3,148016,574464,0.000312
Heapsort,20000,2,3,468670,763002,0.000889
Quicksort,20000,2,3,364560,86352,0.000214
Introsort,20000,2,3,487767,92105,0.000237
Contagem,20000,2,3,19999,40000,0.000049
Balde,20000,2,3,39999,80000,0.000847
Radixsort C.,20000,2,3,0,360000,0.000970
Radixsort B.,20000,2,3,0,360000,0.003475
Bolha,20000,3,1,199980547,297828561,0.395899
Coquetel,20000,3,1,149944990,297828561,0.322804
Selecao,20000,3,1,199990000,59964,0.105562
Insercao,20000,3,1,99296172,99316185,0.034483
Shellsort,20000,3,1,418487,632360,0.001285
Mergesort,20000,3,1,260860,559014,0.001196
Heapsort,20000,3,1,497222,805830,0.001313
Quicksort,20000,3,1,382699,188136,0.000926
Introsort,20000,3,1,343217,156685,0.000907
Contagem,20000,3,1,19999,40004,0.000359
Balde,20000,3,1,40737,80742,0.001174
Radixsort C.,20000,3,1,0,360000,0.000990
Radixsort B.,20000,3,1,0,360000,0.004524
Bolha,20000,3,2,199987225,300953958,0.394447
Coquetel,20000,3,2,150940440,300953958,0.315898
Selecao,20000,3,2,199990000,59973,0.100924
Insercao,20000,3,2,100337979,100357984,0.035559
Shellsort,20000,3,2,421234,635447,0.001357
Mergesort,20000,3,2,261088,559116,0.001353
Heapsort,20000,3,2,496504,804753,0.001396
Quicksort,20000,3,2,370266,186346,0.000998
Introsort,20000,3,2,334566,157604,0.000984
Contagem,20000,3,2,19999,40009,0.000405
Balde,20000,3,2,40805,80815,0.001209
Radixsort C.,20000,3,2,0,360000,0.001012
Radixsort B.,20000,3,2,0,360000,0.004448
Bolha,20000,3,3,199985814,297814995,0.395895
Coquetel,20000,3,3,148990050,297814995,0.315378
Selecao,20000,3,3,199990000,59967,0.101726
Insercao,20000,3,3,99291652,99311663,0.034890
Shellsort,20000,3,3,421781,635884,0.001370
Mergesort,20000,3,3,260995,559034,0.001201
Heapsort,20000,3,3,497000,805497,0.001372
Quicksort,20000,3,3,389832,192724,0.000962
Introsort,20000,3,3,354268,156957,0.000932
Contagem,20000,3,3,19999,40012,0.000364
Balde,20000,3,3,40772,80785,0.001214
Radixsort C.,20000,3,3,0,360000,0.001015
Radixsort B.,20000,3,3,0,360000,0.004686
Bolha,30000,1,1,29999,0,0.000009
Coquetel,30000,1,1,29999,0,0.000009
Selecao,30000,1,1,449985000,0,0.224949
Insercao,30000,1,1,29999,59998,0.000017
Shellsort,30000,1,1,324285,648570,0.000292
Mergesort,30000,1,1,219504,666736,0.000342
Heapsort,30000,1,1,820202,1320300,0.001283
Quicksort,30000,1,1,364093,70233,0.000215
Introsort,30000,1,1,364093,70233,0.000192
Contagem,30000,1,1,29999,89999,0.000094
Balde,30000,1,1,59999,149999,0.001075
Radixsort C.,30000,1,1,0,540000,0.001502
Radixsort B.,30000,1,1,0,540000,0.006047
Bolha,30000,1,2,29999,0,0.000009
Coquetel,30000,1,2,29999,0,0.000009
Selecao,30000,1,2,449985000,0,0.229199
Insercao,30000,1,2,29999,59998,0.000020
Shellsort,30000,1,2,324285,648570,0.000289
Mergesort,30000,1,2,219504,666736,0.000329
Heapsort,30000,1,2,820202,1320300,0.001276
Quicksort,30000,1,2,364093,70233,0.000212
Introsort,30000,1,2,364093,70233,0.000194
Contagem,30000,1,2,29999,89999,0.000093
Balde,30000,1,2,59999,149999,0.001093
Radixsort C.,30000,1,2,0,540000,0.001489
Radixsort B.,30000,1,2,0,540000,0.005919
Bolha,30000,1,3,29999,0,0.000009
Coquetel,30000,1,3,29999,0,0.000009
Selecao,30000,1,3,449985000,0,0.226273
Insercao,30000,1,3,29999,59998,0.000017
Shellsort,30000,1,3,324285,648570,0.000283
Mergesort,30000,1,3,219504,666736,0.000322
Heapsort,30000,1,3,820202,1320300,0.001250
Quicksort,30000,1,3,364093,70233,0.000207
Introsort,30000,1,3,364093,70233,0.000187
Contagem,30000,1,3,29999,89999,0.000091
Balde,30000,1,3,59999,149999,0.001079
Radixsort C.,30000,1,3,0,540000,0.001529
Radixsort B.,30000,1,3,0,540000,0.005823
Bolha,30000,2,1,449985000,1349955000,0.502097
Coquetel,30000,2,1,449985000,1349955000,0.598672
Selecao,30000,2,1,449985000,45000,0.212690
Insercao,30000,2,1,449985000,450044998,0.149552
Shellsort,30000,2,1,451690,791542,0.000436
Mergesort,30000,2,1,227728,894464,0.000518
Heapsort,30000,2,1,738426,1197636,0.001302
Quicksort,30000,2,1,574781,127790,0.000313
Introsort,30000,2,1,775159,136872,0.000367
Contagem,30000,2,1,29999,60000,0.000091
Balde,30000,2,1,59999,120000,0.001251
Radixsort C.,30000,2,1,0,540000,0.001494
Radixsort B.,30000,2,1,0,540000,0.005730
Bolha,30000,2,2,449985000,1349955000,0.507816
Coquetel,30000,2,2,449985000,1349955000,0.600502
Selecao,30000,2,2,449985000,45000,0.214208
Insercao,30000,2,2,449985000,450044998,0.150176
Shellsort,30000,2,2,451690,791542,0.000467
Mergesort,30000,2,2,227728,894464,0.000516
Heapsort,30000,2,2,738426,1197636,0.001359
Quicksort,30000,2,2,574781,127790,0.000312
Introsort,30000,2,2,775159,136872,0.000366
Contagem,30000,2,2,29999,60000,0.000092
Balde,30000,2,2,59999,120000,0.001379
Radixsort C.,30000,2,2,0,540000,0.001455
Radixsort B.,30000,2,2,0,540000,0.005942
Bolha,30000,2,3,449985000,1349955000,0.500257
Coquetel,30000,2,3,449985000,1349955000,0.612587
Selecao,30000,2,3,449985000,45000,0.212206
Insercao,30000,2,3,449985000,450044998,0.150084
Shellsort,30000,2,3,451690,791542,0.000434
Mergesort,30000,2,3,227728,894464,0.000485
Heapsort,30000,2,3,738426,1197636,0.001297
Quicksort,30000,2,3,574781,127790,0.000316
Introsort,30000,2,3,775159,136872,0.000369
Contagem,30000,2,3,29999,60000,0.000092
Balde,30000,2,3,59999,120000,0.001253
Radixsort C.,30000,2,3,0,540000,0.001561
Radixsort B.,30000,2,3,0,540000,0.005738
Bolha,30000,3,1,449971634,679983765,0.927518
Coquetel,30000,3,1,338942747,679983765,0.762609
Selecao,30000,3,1,449985000,89967,0.226560
Insercao,30000,3,1,226691240,226721253,0.076077
Shellsort,30000,3,1,665145,1003587,0.001996
Mergesort,30000,3,1,408810,873588,0.001869
Heapsort,30000,3,1,779644,1259463,0.002076
Quicksort,30000,3,1,600154,289092,0.001491
Introsort,30000,3,1,542116,241552,0.001392
Contagem,30000,3,1,29999,60008,0.000544
Balde,30000,3,1,61152,121161,0.001836
Radixsort C.,30000,3,1,0,540000,0.001457
Radixsort B.,30000,3,1,0,540000,0.006880
Bolha,30000,3,2,449932025,676798338,0.936491
Coquetel,30000,3,2,338121597,676798338,0.744959
Selecao,30000,3,2,449985000,89979,0.232942
Insercao,30000,3,2,225629429,225659444,0.075856
Shellsort,30000,3,2,664128,1002589,0.002147
Mergesort,30000,3,2,408649,873503,0.001924
Heapsort,30000,3,2,779648,1259469,0.002067
Quicksort,30000,3,2,591053,286263,0.001472
Introsort,30000,3,2,534366,240444,0.001434
Contagem,30000,3,2,29999,60006,0.000543
Balde,30000,3,2,61279,121286,0.001824
Radixsort C.,30000,3,2,0,540000,0.001490
Radixsort B.,30000,3,2,0,540000,0.006917
Bolha,30000,3,3,449981172,672646068,0.934200
Coquetel,30000,3,3,336364725,672646068,0.747242
Selecao,30000,3,3,449985000,89967,0.236858
Insercao,30000,3,3,224245344,224275354,0.078457
Shellsort,30000,3,3,664205,1002644,0.002246
Mergesort,30000,3,3,408505,873281,0.001928
Heapsort,30000,3,3,779900,1259847,0.002126
Quicksort,30000,3,3,580646,293132,0.001518
Introsort,30000,3,3,519172,240892,0.001469
Contagem,30000,3,3,29999,60010,0.000554
Balde,30000,3,3,61188,121199,0.001863
Radixsort C.,30000,3,3,0,540000,0.001531
Radixsort B.,30000,3,3,0,540000,0.007031
Bolha,40000,1,1,39999,0,0.000012
Coquetel,40000,1,1,39999,0,0.000012
Selecao,40000,1,1,799980000,0,0.417724
Insercao,40000,1,1,39999,79998,0.000023
Shellsort,40000,1,1,444285,888570,0.000408
Mergesort,40000,1,1,298432,912896,0.000466
Heapsort,40000,1,1,1130406,1815606,0.001852
Quicksort,40000,1,1,528189,100473,0.000318
Introsort,40000,1,1,528189,100473,0.000295
Contagem,40000,1,1,39999,119999,0.000098
Balde,40000,1,1,79999,199999,0.001472
Radixsort C.,40000,1,1,0,720000,0.002071
Radixsort B.,40000,1,1,0,720000,0.007150
Bolha,40000,1,2,39999,0,0.000012
Coquetel,40000,1,2,39999,0,0.000012
Selecao,40000,1,2,799980000,0,0.419319
Insercao,40000,1,2,39999,79998,0.000023
Shellsort,40000,1,2,444285,888570,0.000405
Mergesort,40000,1,2,298432,912896,0.000468
Heapsort,40000,1,2,1130406,1815606,0.001770
Quicksort,40000,1,2,528189,100473,0.000320
Introsort,40000,1,2,528189,100473,0.000292
Contagem,40000,1,2,39999,119999,0.000100
Balde,40000,1,2,79999,199999,0.001471
Radixsort C.,40000,1,2,0,720000,0.002096
Radixsort B.,40000,1,2,0,720000,0.007072
Bolha,40000,1,3,39999,0,0.000012
Coquetel,40000,1,3,39999,0,0.000012
Selecao,40000,1,3,799980000,0,0.413463
Insercao,40000,1,3,39999,79998,0.000022
Shellsort,40000,1,3,444285,888570,0.000388
Mergesort,40000,1,3,298432,912896,0.000449
Heapsort,40000,1,3,1130406,1815606,0.001772
Quicksort,40000,1,3,528189,100473,0.000335
Introsort,40000,1,3,528189,100473,0.000281
Contagem,40000,1,3,39999,119999,0.000093
Balde,40000,1,3,79999,199999,0.001433
Radixsort C.,40000,1,3,0,720000,0.001998
Radixsort B.,40000,1,3,0,720000,0.006841
Bolha,40000,2,1,799980000,2399940000,0.894113
Coquetel,40000,2,1,799980000,2399940000,1.095051
Selecao,40000,2,1,799980000,60000,0.384070
Insercao,40000,2,1,799980000,800059998,0.266944
Shellsort,40000,2,1,607122,1084724,0.000590
Mergesort,40000,2,1,316032,1228928,0.000704
Heapsort,40000,2,1,1015258,1642884,0.001817
Quicksort,40000,2,1,793814,172692,0.000441
Introsort,40000,2,1,1074163,184645,0.000530
Contagem,40000,2,1,39999,80000,0.000093
Balde,40000,2,1,79999,160000,0.001722
Radixsort C.,40000,2,1,0,720000,0.002014
Radixsort B.,40000,2,1,0,720000,0.006941
Bolha,40000,2,2,799980000,2399940000,0.898172
Coquetel,40000,2,2,799980000,2399940000,1.069000
Selecao,40000,2,2,799980000,60000,0.376513
Insercao,40000,2,2,799980000,800059998,0.271520
Shellsort,40000,2,2,607122,1084724,0.000609
Mergesort,40000,2,2,316032,1228928,0.000689
Heapsort,40000,2,2,1015258,1642884,0.001801
Quicksort,40000,2,2,793814,172692,0.000450
Introsort,40000,2,2,1074163,184645,0.000510
Contagem,40000,2,2,39999,80000,0.000094
Balde,40000,2,2,79999,160000,0.001733
Radixsort C.,40000,2,2,0,720000,0.001991
Radixsort B.,40000,2,2,0,720000,0.007117
Bolha,40000,2,3,799980000,2399940000,0.892150
Coquetel,40000,2,3,799980000,2399940000,1.064159
Selecao,40000,2,3,799980000,60000,0.381388
Insercao,40000,2,3,799980000,800059998,0.266038
Shellsort,40000,2,3,607122,1084724,0.000622
Mergesort,40000,2,3,316032,1228928,0.000705
Heapsort,40000,2,3,1015258,1642884,0.001793
Quicksort,40000,2,3,793814,172692,0.000443
Introsort,40000,2,3,1074163,184645,0.000508
Contagem,40000,2,3,39999,80000,0.000092
Balde,40000,2,3,79999,160000,0.001728
Radixsort C.,40000,2,3,0,720000,0.001937
Radixsort B.,40000,2,3,0,720000,0.006848
Bolha,40000,3,1,799879424,1208286879,1.713940
Coquetel,40000,3,1,604859865,1208286879,1.347919
Selecao,40000,3,1,799980000,119952,0.400937
Insercao,40000,3,1,402802278,402842291,0.133961
Shellsort,40000,3,1,913797,1379104,0.002747
Mergesort,40000,3,1,561785,1198242,0.002554
Heapsort,40000,3,1,1074056,1731081,0.002804
Quicksort,40000,3,1,824304,408897,0.002020
Introsort,40000,3,1,734584,325178,0.001897
Contagem,40000,3,1,39999,80012,0.000718
Balde,40000,3,1,81596,161609,0.002651
Radixsort C.,40000,3,1,0,720000,0.001967
Radixsort B.,40000,3,1,0,720000,0.009438
Bolha,40000,3,2,799949619,1197117303,1.689526
Coquetel,40000,3,2,600369810,1197117303,1.350170
Selecao,40000,3,2,799980000,119964,0.399028
Insercao,40000,3,2,399079092,399119099,0.132792
Shellsort,40000,3,2,915083,1380302,0.002728
Mergesort,40000,3,2,561818,1197894,0.002550
Heapsort,40000,3,2,1073354,1730028,0.002842
Quicksort,40000,3,2,858296,421956,0.002001
Introsort,40000,3,2,764195,322004,0.001972
Contagem,40000,3,2,39999,80007,0.000748
Balde,40000,3,2,81573,161581,0.002503
Radixsort C.,40000,3,2,0,720000,0.002007
Radixsort B.,40000,3,2,0,720000,0.009470
Bolha,40000,3,3,799978569,1198274118,1.679447
Coquetel,40000,3,3,600069990,1198274118,1.342617
Selecao,40000,3,3,799980000,119970,0.398634
Insercao,40000,3,3,399464696,399504704,0.132975
Shellsort,40000,3,3,913034,1378164,0.002741
Mergesort,40000,3,3,561718,1197977,0.002554
Heapsort,40000,3,3,1073408,1730109,0.002777
Quicksort,40000,3,3,868599,434621,0.002072
Introsort,40000,3,3,754587,324581,0.001939
Contagem,40000,3,3,39999,80017,0.000731
Balde,40000,3,3,81608,161626,0.002509
Radixsort C.,40000,3,3,0,720000,0.001953
Radixsort B.,40000,3,3,0,720000,0.009620
Bolha,50000,1,1,49999,0,0.000014
Coquetel,50000,1,1,49999,0,0.000014
Selecao,50000,1,1,1249975000,0,0.632536
Insercao,50000,1,1,49999,99998,0.000029
Shellsort,50000,1,1,569427,1138854,0.000522
Mergesort,50000,1,1,382512,1166976,0.000603
Heapsort,50000,1,1,1446610,2319912,0.002229
Quicksort,50000,1,1,658189,120473,0.000396
Introsort,50000,1,1,658189,120473,0.000356
Contagem,50000,1,1,49999,149999,0.000128
Balde,50000,1,1,99999,249999,0.001889
Radixsort C.,50000,1,1,0,900000,0.002546
Radixsort B.,50000,1,1,0,900000,0.010155
Bolha,50000,1,2,49999,0,0.000015
Coquetel,50000,1,2,49999,0,0.000015
Selecao,50000,1,2,1249975000,0,0.643054
Insercao,50000,1,2,49999,99998,0.000028
Shellsort,50000,1,2,569427,1138854,0.000510
Mergesort,50000,1,2,382512,1166976,0.000596
Heapsort,50000,1,2,1446610,2319912,0.002186
Quicksort,50000,1,2,658189,120473,0.000386
Introsort,50000,1,2,658189,120473,0.000348
Contagem,50000,1,2,49999,149999,0.000128
Balde,50000,1,2,99999,249999,0.001797
Radixsort C.,50000,1,2,0,900000,0.002557
Radixsort B.,50000,1,2,0,900000,0.010529
Bolha,50000,1,3,49999,0,0.000015
Coquetel,50000,1,3,49999,0,0.000014
Selecao,50000,1,3,1249975000,0,0.632282
Insercao,50000,1,3,49999,99998,0.000028
Shellsort,50000,1,3,569427,1138854,0.000510
Mergesort,50000,1,3,382512,1166976,0.000588
Heapsort,50000,1,3,1446610,2319912,0.002192
Quicksort,50000,1,3,658189,120473,0.000385
Introsort,50000,1,3,658189,120473,0.000348
Contagem,50000,1,3,49999,149999,0.000125
Balde,50000,1,3,99999,249999,0.001788
Radixsort C.,50000,1,3,0,900000,0.002483
Radixsort B.,50000,1,3,0,900000,0.010070
Bolha,50000,2,1,1249975000,3749925000,1.406630
Coquetel,50000,2,1,1249975000,3749925000,1.661900
Selecao,50000,2,1,1249975000,75000,0.591530
Insercao,50000,2,1,1249975000,1250074998,0.414297
Shellsort,50000,2,1,784918,1382612,0.000816
Mergesort,50000,2,1,401952,1568928,0.000892
Heapsort,50000,2,1,1297786,2096676,0.002271
Quicksort,50000,2,1,1041157,220942,0.000568
Introsort,50000,2,1,1416977,240844,0.000692
Contagem,50000,2,1,49999,100000,0.000143
Balde,50000,2,1,99999,200000,0.002202
Radixsort C.,50000,2,1,0,900000,0.002473
Radixsort B.,50000,2,1,0,900000,0.009916
Bolha,50000,2,2,1249975000,3749925000,1.388458
Coquetel,50000,2,2,1249975000,3749925000,1.708045
Selecao,50000,2,2,1249975000,75000,0.588647
Insercao,50000,2,2,1249975000,1250074998,0.417247
Shellsort,50000,2,2,784918,1382612,0.000757
Mergesort,50000,2,2,401952,1568928,0.000895
Heapsort,50000,2,2,1297786,2096676,0.002334
Quicksort,50000,2,2,1041157,220942,0.000583
Introsort,50000,2,2,1416977,240844,0.000655
Contagem,50000,2,2,49999,100000,0.000155
Balde,50000,2,2,99999,200000,0.002136
Radixsort C.,50000,2,2,0,900000,0.002503
Radixsort B.,50000,2,2,0,900000,0.009763
Bolha,50000,2,3,1249975000,3749925000,1.391900
Coquetel,50000,2,3,1249975000,3749925000,1.664348
Selecao,50000,2,3,1249975000,75000,0.588833
Insercao,50000,2,3,1249975000,1250074998,0.414627
Shellsort,50000,2,3,784918,1382612,0.000754
Mergesort,50000,2,3,401952,1568928,0.000890
Heapsort,50000,2,3,1297786,2096676,0.002276
Quicksort,50000,2,3,1041157,220942,0.000564
Introsort,50000,2,3,1416977,240844,0.000690
Contagem,50000,2,3,49999,100000,0.000121
Balde,50000,2,3,99999,200000,0.002219
Radixsort C.,50000,2,3,0,900000,0.002552
Radixsort B.,50000,2,3,0,900000,0.010231
Bolha,50000,3,1,1249972984,1872029562,2.662585
Coquetel,50000,3,1,937437499,1872029562,2.106137
Selecao,50000,3,1,1249975000,149976,0.624337
Insercao,50000,3,1,624059839,624109852,0.209222
Shellsort,50000,3,1,1174726,1767811,0.003600
Mergesort,50000,3,1,718017,1529969,0.003266
Heapsort,50000,3,1,1375214,2212818,0.003634
Quicksort,50000,3,1,1046372,518498,0.002566
Introsort,50000,3,1,902201,410954,0.002527
Contagem,50000,3,1,49999,100012,0.000931
Balde,50000,3,1,102015,202028,0.003239
Radixsort C.,50000,3,1,0,900000,0.002489
Radixsort B.,50000,3,1,0,900000,0.012891
Bolha,50000,3,2,1249952422,1878032268,2.669447
Coquetel,50000,3,2,939857940,1878032268,2.110214
Selecao,50000,3,2,1249975000,149946,0.635581
Insercao,50000,3,2,626060745,626110754,0.207236
Shellsort,50000,3,2,1175429,1768646,0.003502
Mergesort,50000,3,2,718174,1530319,0.003226
Heapsort,50000,3,2,1374900,2212347,0.003740
Quicksort,50000,3,2,1052910,531121,0.002551
Introsort,50000,3,2,914205,411118,0.002449
Contagem,50000,3,2,49999,100008,0.000970
Balde,50000,3,2,102058,202067,0.003078
Radixsort C.,50000,3,2,0,900000,0.002433
Radixsort B.,50000,3,2,0,900000,0.012189
Bolha,50000,3,3,1249896790,1870785915,2.650703
Coquetel,50000,3,3,938361870,1870785915,2.113869
Selecao,50000,3,3,1249975000,149976,0.628587
Insercao,50000,3,3,623645295,623695303,0.206899
Shellsort,50000,3,3,1175438,1768530,0.003666
Mergesort,50000,3,3,718123,1530057,0.003324
Heapsort,50000,3,3,1374978,2212464,0.003679
Quicksort,50000,3,3,1030862,498114,0.002569
Introsort,50000,3,3,951354,408139,0.002390
Contagem,50000,3,3,49999,100008,0.000932
Balde,50000,3,3,102061,202070,0.003171
Radixsort C.,50000,3,3,0,900000,0.002492
Radixsort B.,50000,3,3,0,900000,0.012091
Bolha,60000,1,1,59999,0,0.000017
Coquetel,60000,1,1,59999,0,0.000017
Selecao,60000,1,1,1799970000,0,0.928278
Insercao,60000,1,1,59999,119998,0.000033
Shellsort,60000,1,1,699427,1398854,0.000612
Mergesort,60000,1,1,469008,1423472,0.000774
Heapsort,60000,1,1,1762834,2824248,0.002627
Quicksort,60000,1,1,788189,140473,0.000438
Introsort,60000,1,1,788189,140473,0.000423
Contagem,60000,1,1,59999,179999,0.000154
Balde,60000,1,1,119999,299999,0.002216
Radixsort C.,60000,1,1,0,1080000,0.002986
Radixsort B.,60000,1,1,0,1080000,0.011698
Bolha,60000,1,2,59999,0,0.000018
Coquetel,60000,1,2,59999,0,0.000017
Selecao,60000,1,2,1799970000,0,0.908202
Insercao,60000,1,2,59999,119998,0.000034
Shellsort,60000,1,2,699427,1398854,0.000626
Mergesort,60000,1,2,469008,1423472,0.000721
Heapsort,60000,1,2,1762834,2824248,0.002706
Quicksort,60000,1,2,788189,140473,0.000448
Introsort,60000,1,2,788189,140473,0.000411
Contagem,60000,1,2,59999,179999,0.000159
Balde,60000,1,2,119999,299999,0.002188
Radixsort C.,60000,1,2,0,1080000,0.002996
Radixsort B.,60000,1,2,0,1080000,0.011343
Bolha,60000,1,3,59999,0,0.000017
Coquetel,60000,1,3,59999,0,0.000017
Selecao,60000,1,3,1799970000,0,0.900430
Insercao,60000,1,3,59999,119998,0.000033
Shellsort,60000,1,3,699427,1398854,0.000612
Mergesort,60000,1,3,469008,1423472,0.000697
Heapsort,60000,1,3,1762834,2824248,0.002620
Quicksort,60000,1,3,788189,140473,0.000438
Introsort,60000,1,3,788189,140473,0.000402
Contagem,60000,1,3,59999,179999,0.000154
Balde,60000,1,3,119999,299999,0.002145
Radixsort C.,60000,1,3,0,1080000,0.002953
Radixsort B.,60000,1,3,0,1080000,0.011141
Bolha,60000,2,1,1799970000,5399910000,2.009691
Coquetel,60000,2,1,1799970000,5399910000,2.394609
Selecao,60000,2,1,1799970000,90000,0.850980
Insercao,60000,2,1,1799970000,1800089998,0.596631
Shellsort,60000,2,1,952805,1681986,0.000924
Mergesort,60000,2,1,485456,1908928,0.001071
Heapsort,60000,2,1,1589590,2564382,0.002812
Quicksort,60000,2,1,1247483,255624,0.000659
Introsort,60000,2,1,1698529,276553,0.000773
Contagem,60000,2,1,59999,120000,0.000155
Balde,60000,2,1,119999,240000,0.002610
Radixsort C.,60000,2,1,0,1080000,0.003028
Radixsort B.,60000,2,1,0,1080000,0.010980
Bolha,60000,2,2,1799970000,5399910000,2.002775
Coquetel,60000,2,2,1799970000,5399910000,2.388084
Selecao,60000,2,2,1799970000,90000,0.847176
Insercao,60000,2,2,1799970000,1800089998,0.597419
Shellsort,60000,2,2,952805,1681986,0.000921
Mergesort,60000,2,2,485456,1908928,0.001070
Heapsort,60000,2,2,1589590,2564382,0.002766
Quicksort,60000,2,2,1247483,255624,0.000655
Introsort,60000,2,2,1698529,276553,0.000781
Contagem,60000,2,2,59999,120000,0.000157
Balde,60000,2,2,119999,240000,0.002616
Radixsort C.,60000,2,2,0,1080000,0.002983
Radixsort B.,60000,2,2,0,1080000,0.011167
Bolha,60000,2,3,1799970000,5399910000,2.000065
Coquetel,60000,2,3,1799970000,5399910000,2.393300
Selecao,60000,2,3,1799970000,90000,0.851484
Insercao,60000,2,3,1799970000,1800089998,0.598377
Shellsort,60000,2,3,952805,1681986,0.000928
Mergesort,60000,2,3,485456,1908928,0.001069
Heapsort,60000,2,3,1589590,2564382,0.002737
Quicksort,60000,2,3,1247483,255624,0.000654
Introsort,60000,2,3,1698529,276553,0.000771
Contagem,60000,2,3,59999,120000,0.000154
Balde,60000,2,3,119999,240000,0.002598
Radixsort C.,60000,2,3,0,1080000,0.003052
Radixsort B.,60000,2,3,0,1080000,0.010934
Bolha,60000,3,1,1799896847,2692629180,3.900169
Coquetel,60000,3,1,1349414829,2692629180,3.058568
Selecao,60000,3,1,1799970000,179949,0.898386
Insercao,60000,3,1,897603049,897663058,0.311347
Shellsort,60000,3,1,1447696,2175340,0.004673
Mergesort,60000,3,1,877325,1867015,0.004273
Heapsort,60000,3,1,1679344,2699013,0.004559
Quicksort,60000,3,1,1280299,621711,0.003329
Introsort,60000,3,1,1133983,495961,0.003219
Contagem,60000,3,1,59999,120009,0.001388
Balde,60000,3,1,122423,242433,0.005020
Radixsort C.,60000,3,1,0,1080000,0.003194
Radixsort B.,60000,3,1,0,1080000,0.015413
Bolha,60000,3,2,1799903934,2710418874,3.878988
Coquetel,60000,3,2,1358405097,2710418874,3.054518
Selecao,60000,3,2,1799970000,179970,0.900042
Insercao,60000,3,2,903532947,903592956,0.302518
Shellsort,60000,3,2,1443043,2170921,0.004646
Mergesort,60000,3,2,877144,1867048,0.004011
Heapsort,60000,3,2,1679172,2698755,0.004490
Quicksort,60000,3,2,1232171,609080,0.003151
Introsort,60000,3,2,1113068,496570,0.003035
Contagem,60000,3,2,59999,120008,0.001155
Balde,60000,3,2,122442,242451,0.003991
Radixsort C.,60000,3,2,0,1080000,0.003072
Radixsort B.,60000,3,2,0,1080000,0.014539
Bolha,60000,3,3,1799961872,2714811234,3.879217
Coquetel,60000,3,3,1357632104,2714811234,3.069638
Selecao,60000,3,3,1799970000,179961,0.904768
Insercao,60000,3,3,904997072,905057076,0.304954
Shellsort,60000,3,3,1445684,2173483,0.004441
Mergesort,60000,3,3,876957,1866897,0.003996
Heapsort,60000,3,3,1679218,2698824,0.004433
Quicksort,60000,3,3,1333497,660665,0.003113
Introsort,60000,3,3,1141441,494703,0.002986
Contagem,60000,3,3,59999,120012,0.001104
Balde,60000,3,3,122420,242433,0.003986
Radixsort C.,60000,3,3,0,1080000,0.003046
Radixsort B.,60000,3,3,0,1080000,0.014865
Bolha,70000,1,1,69999,0,0.000020
Coquetel,70000,1,1,69999,0,0.000020
Selecao,70000,1,1,2449965000,0,1.247103
Insercao,70000,1,1,69999,139998,0.000039
Shellsort,70000,1,1,829427,1658854,0.000725
Mergesort,70000,1,1,555200,1684128,0.000886
Heapsort,70000,1,1,2088606,3342906,0.003178
Quicksort,70000,1,1,925549,162313,0.000531
Introsort,70000,1,1,948072,167913,0.000548
Contagem,70000,1,1,69999,209999,0.000186
Balde,70000,1,1,139999,349999,0.002511
Radixsort C.,70000,1,1,0,1260000,0.003518
Radixsort B.,70000,1,1,0,1260000,0.014296
Bolha,70000,1,2,69999,0,0.000020
Coquetel,70000,1,2,69999,0,0.000020
Selecao,70000,1,2,2449965000,0,1.232023
Insercao,70000,1,2,69999,139998,0.000039
Shellsort,70000,1,2,829427,1658854,0.000741
Mergesort,70000,1,2,555200,1684128,0.000876
Heapsort,70000,1,2,2088606,3342906,0.003097
Quicksort,70000,1,2,925549,162313,0.000525
Introsort,70000,1,2,948072,167913,0.000502
Contagem,70000,1,2,69999,209999,0.000189
Balde,70000,1,2,139999,349999,0.002567
Radixsort C.,70000,1,2,0,1260000,0.003487
Radixsort B.,70000,1,2,0,1260000,0.014377
Bolha,70000,1,3,69999,0,0.000021
Coquetel,70000,1,3,69999,0,0.000020
Selecao,70000,1,3,2449965000,0,1.260093
Insercao,70000,1,3,69999,139998,0.000039
Shellsort,70000,1,3,829427,1658854,0.000742
Mergesort,70000,1,3,555200,1684128,0.000874
Heapsort,70000,1,3,2088606,3342906,0.003090
Quicksort,70000,1,3,925549,162313,0.000523
Introsort,70000,1,3,948072,167913,0.000500
Contagem,70000,1,3,69999,209999,0.000190
Balde,70000,1,3,139999,349999,0.002570
Radixsort C.,70000,1,3,0,1260000,0.003482
Radixsort B.,70000,1,3,0,1260000,0.014382
Bolha,70000,2,1,2449965000,7349895000,2.758809
Coquetel,70000,2,1,2449965000,7349895000,3.254006
Selecao,70000,2,1,2449965000,105000,1.175939
Insercao,70000,2,1,2449965000,2450104998,0.822165
Shellsort,70000,2,1,1129214,1995446,0.001108
Mergesort,70000,2,1,573728,2257856,0.001256
Heapsort,70000,2,1,1885366,3038046,0.003173
Quicksort,70000,2,1,1457778,290346,0.000760
Introsort,70000,2,1,1985843,308697,0.000925
Contagem,70000,2,1,69999,140000,0.000190
Balde,70000,2,1,139999,280000,0.003080
Radixsort C.,70000,2,1,0,1260000,0.003649
Radixsort B.,70000,2,1,0,1260000,0.014256
Bolha,70000,2,2,2449965000,7349895000,2.721233
Coquetel,70000,2,2,2449965000,7349895000,3.252696
Selecao,70000,2,2,2449965000,105000,1.151334
Insercao,70000,2,2,2449965000,2450104998,0.812020
Shellsort,70000,2,2,1129214,1995446,0.001125
Mergesort,70000,2,2,573728,2257856,0.001251
Heapsort,70000,2,2,1885366,3038046,0.003244
Quicksort,70000,2,2,1457778,290346,0.000779
Introsort,70000,2,2,1985843,308697,0.000919
Contagem,70000,2,2,69999,140000,0.000191
Balde,70000,2,2,139999,280000,0.003088
Radixsort C.,70000,2,2,0,1260000,0.003479
Radixsort B.,70000,2,2,0,1260000,0.014305
Bolha,70000,2,3,2449965000,7349895000,2.723372
Coquetel,70000,2,3,2449965000,7349895000,3.257872
Selecao,70000,2,3,2449965000,105000,1.153600
Insercao,70000,2,3,2449965000,2450104998,0.817911
Shellsort,70000,2,3,1129214,1995446,0.001093
Mergesort,70000,2,3,573728,2257856,0.001255
Heapsort,70000,2,3,1885366,3038046,0.003252
Quicksort,70000,2,3,1457778,290346,0.000760
Introsort,70000,2,3,1985843,308697,0.000895
Contagem,70000,2,3,69999,140000,0.000187
Balde,70000,2,3,139999,280000,0.003048
Radixsort C.,70000,2,3,0,1260000,0.003473
Radixsort B.,70000,2,3,0,1260000,0.014832
Bolha,70000,3,1,2449950804,3667874163,5.247470
Coquetel,70000,3,1,1838776797,3667874163,4.238773
Selecao,70000,3,1,2449965000,209958,1.227060
Insercao,70000,3,1,1222694713,1222764719,0.408243
Shellsort,70000,3,1,1711139,2574119,0.005153
Mergesort,70000,3,1,1039165,2209237,0.004755
Heapsort,70000,3,1,1989616,3194421,0.005220
Quicksort,70000,3,1,1636761,825195,0.003623
Introsort,70000,3,1,1315966,583521,0.003564
Contagem,70000,3,1,69999,140011,0.001298
Balde,70000,3,1,142788,282800,0.004520
Radixsort C.,70000,3,1,0,1260000,0.003435
Radixsort B.,70000,3,1,0,1260000,0.017512
Bolha,70000,3,2,2449964909,3690650697,5.288119
Coquetel,70000,3,2,1841535714,3690650697,4.214964
Selecao,70000,3,2,2449965000,209979,1.235856
Insercao,70000,3,2,1230286889,1230356897,0.410700
Shellsort,70000,3,2,1712226,2575552,0.005361
Mergesort,70000,3,2,1038993,2209029,0.004721
Heapsort,70000,3,2,1989876,3194811,0.005294
Quicksort,70000,3,2,1568193,795460,0.003849
Introsort,70000,3,2,1328624,584262,0.003497
Contagem,70000,3,2,69999,140011,0.001298
Balde,70000,3,2,142934,282946,0.004539
Radixsort C.,70000,3,2,0,1260000,0.003509
Radixsort B.,70000,3,2,0,1260000,0.016962
Bolha,70000,3,3,2449941564,3680907162,5.278189
Coquetel,70000,3,3,1833977550,3680907162,4.151775
Selecao,70000,3,3,2449965000,209964,1.220762
Insercao,70000,3,3,1227039041,1227109052,0.408338
Shellsort,70000,3,3,1711906,2575173,0.005498
Mergesort,70000,3,3,1039010,2208973,0.004697
Heapsort,70000,3,3,1989592,3194385,0.005210
Quicksort,70000,3,3,1491128,737270,0.003688
Introsort,70000,3,3,1334010,584399,0.003539
Contagem,70000,3,3,69999,140007,0.001289
Balde,70000,3,3,142816,282824,0.004533
Radixsort C.,70000,3,3,0,1260000,0.003415
Radixsort B.,70000,3,3,0,1260000,0.017462
Bolha,80000,1,1,79999,0,0.000024
Coquetel,80000,1,1,79999,0,0.000023
Selecao,80000,1,1,3199960000,0,1.660847
Insercao,80000,1,1,79999,159998,0.000044
Shellsort,80000,1,1,959427,1918854,0.000883
Mergesort,80000,1,1,636864,1945792,0.001000
Heapsort,80000,1,1,2426302,3879450,0.003516
Quicksort,80000,1,1,1136381,200953,0.000707
Introsort,80000,1,1,1136381,200953,0.000599
Contagem,80000,1,1,79999,239999,0.000217
Balde,80000,1,1,159999,399999,0.003041
Radixsort C.,80000,1,1,0,1440000,0.003956
Radixsort B.,80000,1,1,0,1440000,0.014189
Bolha,80000,1,2,79999,0,0.000023
Coquetel,80000,1,2,79999,0,0.000023
Selecao,80000,1,2,3199960000,0,1.624103
Insercao,80000,1,2,79999,159998,0.000046
Shellsort,80000,1,2,959427,1918854,0.000877
Mergesort,80000,1,2,636864,1945792,0.001006
Heapsort,80000,1,2,2426302,3879450,0.003651
Quicksort,80000,1,2,1136381,200953,0.000668
Introsort,80000,1,2,1136381,200953,0.000627
Contagem,80000,1,2,79999,239999,0.000306
Balde,80000,1,2,159999,399999,0.002968
Radixsort C.,80000,1,2,0,1440000,0.003986
Radixsort B.,80000,1,2,0,1440000,0.014211
Bolha,80000,1,3,79999,0,0.000023
Coquetel,80000,1,3,79999,0,0.000023
Selecao,80000,1,3,3199960000,0,1.654051
Insercao,80000,1,3,79999,159998,0.000047
Shellsort,80000,1,3,959427,1918854,0.000944
Mergesort,80000,1,3,636864,1945792,0.001001
Heapsort,80000,1,3,2426302,3879450,0.003652
Quicksort,80000,1,3,1136381,200953,0.000666
Introsort,80000,1,3,1136381,200953,0.000624
Contagem,80000,1,3,79999,239999,0.000225
Balde,80000,1,3,159999,399999,0.002975
Radixsort C.,80000,1,3,0,1440000,0.003981
Radixsort B.,80000,1,3,0,1440000,0.014822
Bolha,80000,2,1,3199960000,9599880000,3.628604
Coquetel,80000,2,1,3199960000,9599880000,4.288414
Selecao,80000,2,1,3199960000,120000,1.504750
Insercao,80000,2,1,3199960000,3200119998,1.072609
Shellsort,80000,2,1,1314096,2333798,0.001282
Mergesort,80000,2,1,672064,2617856,0.001449
Heapsort,80000,2,1,2188150,3522222,0.003678
Quicksort,80000,2,1,1717316,345372,0.000947
Introsort,80000,2,1,2347978,372766,0.001121
Contagem,80000,2,1,79999,160000,0.000247
Balde,80000,2,1,159999,320000,0.003563
Radixsort C.,80000,2,1,0,1440000,0.003963
Radixsort B.,80000,2,1,0,1440000,0.013706
Bolha,80000,2,2,3199960000,9599880000,3.566938
Coquetel,80000,2,2,3199960000,9599880000,4.247201
Selecao,80000,2,2,3199960000,120000,1.507348
Insercao,80000,2,2,3199960000,3200119998,1.063183
Shellsort,80000,2,2,1314096,2333798,0.001282
Mergesort,80000,2,2,672064,2617856,0.001439
Heapsort,80000,2,2,2188150,3522222,0.003666
Quicksort,80000,2,2,1717316,345372,0.000914
Introsort,80000,2,2,2347978,372766,0.001061
Contagem,80000,2,2,79999,160000,0.000250
Balde,80000,2,2,159999,320000,0.003457
Radixsort C.,80000,2,2,0,1440000,0.004103
Radixsort B.,80000,2,2,0,1440000,0.013654
Bolha,80000,2,3,3199960000,9599880000,3.558576
Coquetel,80000,2,3,3199960000,9599880000,4.242659
Selecao,80000,2,3,3199960000,120000,1.508386
Insercao,80000,2,3,3199960000,3200119998,1.062005
Shellsort,80000,2,3,1314096,2333798,0.001500
Mergesort,80000,2,3,672064,2617856,0.001444
Heapsort,80000,2,3,2188150,3522222,0.003711
Quicksort,80000,2,3,1717316,345372,0.000931
Introsort,80000,2,3,2347978,372766,0.001081
Contagem,80000,2,3,79999,160000,0.000220
Balde,80000,2,3,159999,320000,0.003562
Radixsort C.,80000,2,3,0,1440000,0.003988
Radixsort B.,80000,2,3,0,1440000,0.013570
Bolha,80000,3,1,3199873264,4817034339,6.940148
Coquetel,80000,3,1,2404094644,4817034339,5.447477
Selecao,80000,3,1,3199960000,239976,1.598763
Insercao,80000,3,1,1605758100,1605838111,0.531230
Shellsort,80000,3,1,1987441,2987854,0.006157
Mergesort,80000,3,1,1203394,2556211,0.005447
Heapsort,80000,3,1,2307132,3700695,0.006035
Quicksort,80000,3,1,1734970,851650,0.004180
Introsort,80000,3,1,1510726,671508,0.004093
Contagem,80000,3,1,79999,160008,0.001511
Balde,80000,3,1,163178,323187,0.005134
Radixsort C.,80000,3,1,0,1440000,0.003919
Radixsort B.,80000,3,1,0,1440000,0.020085
Bolha,80000,3,2,3199942795,4797389433,6.940900
Coquetel,80000,3,2,2399980000,4797389433,5.410240
Selecao,80000,3,2,3199960000,239955,1.599052
Insercao,80000,3,2,1599209799,1599289809,0.529915
Shellsort,80000,3,2,1987011,2987339,0.006029
Mergesort,80000,3,2,1203268,2555672,0.005380
Heapsort,80000,3,2,2307132,3700695,0.005999
Quicksort,80000,3,2,1887209,920366,0.004128
Introsort,80000,3,2,1543664,668824,0.004155
Contagem,80000,3,2,79999,160013,0.001506
Balde,80000,3,2,163261,323275,0.005155
Radixsort C.,80000,3,2,0,1440000,0.003933
Radixsort B.,80000,3,2,0,1440000,0.019702
Bolha,80000,3,3,3199932034,4800381489,6.949973
Coquetel,80000,3,3,2404932250,4800381489,5.410542
Selecao,80000,3,3,3199960000,239958,1.615898
Insercao,80000,3,3,1600207152,1600287161,0.534818
Shellsort,80000,3,3,1989464,2989716,0.006096
Mergesort,80000,3,3,1203750,2556103,0.005413
Heapsort,80000,3,3,2307922,3701880,0.006018
Quicksort,80000,3,3,1795430,886650,0.004261
Introsort,80000,3,3,1539136,668766,0.004120
Contagem,80000,3,3,79999,160016,0.001518
Balde,80000,3,3,163194,323211,0.005254
Radixsort C.,80000,3,3,0,1440000,0.003901
Radixsort B.,80000,3,3,0,1440000,0.020397
Bolha,90000,1,1,89999,0,0.000026
Coquetel,90000,1,1,89999,0,0.000026
Selecao,90000,1,1,4049955000,0,2.043833
Insercao,90000,1,1,89999,179998,0.000052
Shellsort,90000,1,1,1089427,2178854,0.000996
Mergesort,90000,1,1,723680,2212608,0.001174
Heapsort,90000,1,1,2763998,4415994,0.004024
Quicksort,90000,1,1,1276381,220953,0.000731
Introsort,90000,1,1,1276381,220953,0.000687
Contagem,90000,1,1,89999,269999,0.000256
Balde,90000,1,1,179999,449999,0.003336
Radixsort C.,90000,1,1,0,1620000,0.004477
Radixsort B.,90000,1,1,0,1620000,0.018725
Bolha,90000,1,2,89999,0,0.000026
Coquetel,90000,1,2,89999,0,0.000026
Selecao,90000,1,2,4049955000,0,2.044235
Insercao,90000,1,2,89999,179998,0.000066
Shellsort,90000,1,2,1089427,2178854,0.000952
Mergesort,90000,1,2,723680,2212608,0.001157
Heapsort,90000,1,2,2763998,4415994,0.004060
Quicksort,90000,1,2,1276381,220953,0.000719
Introsort,90000,1,2,1276381,220953,0.000667
Contagem,90000,1,2,89999,269999,0.000279
Balde,90000,1,2,179999,449999,0.003173
Radixsort C.,90000,1,2,0,1620000,0.004521
Radixsort B.,90000,1,2,0,1620000,0.018462
Bolha,90000,1,3,89999,0,0.000027
Coquetel,90000,1,3,89999,0,0.000062
Selecao,90000,1,3,4049955000,0,2.086910
Insercao,90000,1,3,89999,179998,0.000050
Shellsort,90000,1,3,1089427,2178854,0.000952
Mergesort,90000,1,3,723680,2212608,0.001153
Heapsort,90000,1,3,2763998,4415994,0.003995
Quicksort,90000,1,3,1276381,220953,0.000715
Introsort,90000,1,3,1276381,220953,0.000668
Contagem,90000,1,3,89999,269999,0.000248
Balde,90000,1,3,179999,449999,0.003272
Radixsort C.,90000,1,3,0,1620000,0.004441
Radixsort B.,90000,1,3,0,1620000,0.018501
Bolha,90000,2,1,4049955000,12149865000,4.497520
Coquetel,90000,2,1,4049955000,12149865000,5.382725
Selecao,90000,2,1,4049955000,135000,1.915799
Insercao,90000,2,1,4049955000,4050134998,1.351125
Shellsort,90000,2,1,1489016,2653554,0.001441
Mergesort,90000,2,1,765248,2977856,0.001633
Heapsort,90000,2,1,2489866,4004796,0.004181
Quicksort,90000,2,1,2006028,401608,0.001060
Introsort,90000,2,1,2785679,487146,0.001324
Contagem,90000,2,1,89999,180000,0.000280
Balde,90000,2,1,179999,360000,0.003947
Radixsort C.,90000,2,1,0,1620000,0.004456
Radixsort B.,90000,2,1,0,1620000,0.018015
Bolha,90000,2,2,4049955000,12149865000,4.492341
Coquetel,90000,2,2,4049955000,12149865000,5.391850
Selecao,90000,2,2,4049955000,135000,1.911908
Insercao,90000,2,2,4049955000,4050134998,1.343442
Shellsort,90000,2,2,1489016,2653554,0.001501
Mergesort,90000,2,2,765248,2977856,0.001637
Heapsort,90000,2,2,2489866,4004796,0.004214
Quicksort,90000,2,2,2006028,401608,0.001053
Introsort,90000,2,2,2785679,487146,0.001348
Contagem,90000,2,2,89999,180000,0.000249
Balde,90000,2,2,179999,360000,0.004107
Radixsort C.,90000,2,2,0,1620000,0.004475
Radixsort B.,90000,2,2,0,1620000,0.018490
Bolha,90000,2,3,4049955000,12149865000,4.569350
Coquetel,90000,2,3,4049955000,12149865000,5.591628
Selecao,90000,2,3,4049955000,135000,2.060253
Insercao,90000,2,3,4049955000,4050134998,1.386052
Shellsort,90000,2,3,1489016,2653554,0.001475
Mergesort,90000,2,3,765248,2977856,0.001618
Heapsort,90000,2,3,2489866,4004796,0.004295
Quicksort,90000,2,3,2006028,401608,0.001151
Introsort,90000,2,3,2785679,487146,0.001318
Contagem,90000,2,3,89999,180000,0.000263
Balde,90000,2,3,179999,360000,0.003920
Radixsort C.,90000,2,3,0,1620000,0.004418
Radixsort B.,90000,2,3,0,1620000,0.018894
Bolha,90000,3,1,4049912514,6043466343,8.802588
Coquetel,90000,3,1,3021258239,6043466343,6.890329
Selecao,90000,3,1,4049955000,269970,2.032457
Insercao,90000,3,1,2014578773,2014668779,0.670855
Shellsort,90000,3,1,2273442,3409711,0.007013
Mergesort,90000,3,1,1369622,2906669,0.006353
Heapsort,90000,3,1,2627978,4211964,0.007031
Quicksort,90000,3,1,1959832,972961,0.004971
Introsort,90000,3,1,1705287,758979,0.004661
Contagem,90000,3,1,89999,180008,0.001775
Balde,90000,3,1,183592,363601,0.005806
Radixsort C.,90000,3,1,0,1620000,0.004431
Radixsort B.,90000,3,1,0,1620000,0.022325
Bolha,90000,3,2,4049905859,6058867899,8.820245
Coquetel,90000,3,2,3029542100,6058867899,6.879378
Selecao,90000,3,2,4049955000,269958,2.030248
Insercao,90000,3,2,2019712622,2019802631,0.673299
Shellsort,90000,3,2,2259474,3396032,0.007059
Mergesort,90000,3,2,1369465,2906400,0.006185
Heapsort,90000,3,2,2628018,4212024,0.006856
Quicksort,90000,3,2,1935209,907114,0.004705
Introsort,90000,3,2,1770559,756330,0.004578
Contagem,90000,3,2,89999,180015,0.001759
Balde,90000,3,2,183699,363715,0.006107
Radixsort C.,90000,3,2,0,1620000,0.004446
Radixsort B.,90000,3,2,0,1620000,0.022805
Bolha,90000,3,3,4049923122,6089507133,8.777179
Coquetel,90000,3,3,3039501465,6089507133,6.952698
Selecao,90000,3,3,4049955000,269961,2.021486
Insercao,90000,3,3,2029925703,2030015709,0.674253
Shellsort,90000,3,3,2270748,3407463,0.006839
Mergesort,90000,3,3,1369400,2906672,0.006120
Heapsort,90000,3,3,2627444,4211163,0.006823
Quicksort,90000,3,3,2090573,1015101,0.004806
Introsort,90000,3,3,1763063,757977,0.004630
Contagem,90000,3,3,89999,180012,0.001715
Balde,90000,3,3,183473,363486,0.005777
Radixsort C.,90000,3,3,0,1620000,0.004687
Radixsort B.,90000,3,3,0,1620000,0.022226
Bolha,100000,1,1,99999,0,0.000029
Coquetel,100000,1,1,99999,0,0.000028
Selecao,100000,1,1,4999950000,0,2.554464
Insercao,100000,1,1,99999,199998,0.000056
Shellsort,100000,1,1,1219427,2438854,0.001066
Mergesort,100000,1,1,815024,2483952,0.001319
Heapsort,100000,1,1,3101710,4952562,0.004416
Quicksort,100000,1,1,1416381,240953,0.000791
Introsort,100000,1,1,1416381,240953,0.000727
Contagem,100000,1,1,99999,299999,0.000317
Balde,100000,1,1,199999,499999,0.003562
Radixsort C.,100000,1,1,0,1800000,0.005292
Radixsort B.,100000,1,1,0,1800000,0.019479
Bolha,100000,1,2,99999,0,0.000029
Coquetel,100000,1,2,99999,0,0.000029
Selecao,100000,1,2,4999950000,0,2.553799
Insercao,100000,1,2,99999,199998,0.000056
Shellsort,100000,1,2,1219427,2438854,0.001126
Mergesort,100000,1,2,815024,2483952,0.001299
Heapsort,100000,1,2,3101710,4952562,0.004566
Quicksort,100000,1,2,1416381,240953,0.000790
Introsort,100000,1,2,1416381,240953,0.000727
Contagem,100000,1,2,99999,299999,0.000316
Balde,100000,1,2,199999,499999,0.003676
Radixsort C.,100000,1,2,0,1800000,0.005087
Radixsort B.,100000,1,2,0,1800000,0.019290
Bolha,100000,1,3,99999,0,0.000029
Coquetel,100000,1,3,99999,0,0.000029
Selecao,100000,1,3,4999950000,0,2.514547
Insercao,100000,1,3,99999,199998,0.000057
Shellsort,100000,1,3,1219427,2438854,0.001089
Mergesort,100000,1,3,815024,2483952,0.001283
Heapsort,100000,1,3,3101710,4952562,0.004520
Quicksort,100000,1,3,1416381,240953,0.000804
Introsort,100000,1,3,1416381,240953,0.000744
Contagem,100000,1,3,99999,299999,0.000294
Balde,100000,1,3,199999,499999,0.003644
Radixsort C.,100000,1,3,0,1800000,0.004968
Radixsort B.,100000,1,3,0,1800000,0.019393
Bolha,100000,2,1,4999950000,14999850000,5.548930
Coquetel,100000,2,1,4999950000,14999850000,6.647138
Selecao,100000,2,1,4999950000,150000,2.370888
Insercao,100000,2,1,4999950000,5000149998,1.667200
Shellsort,100000,2,1,1683014,2972650,0.001621
Mergesort,100000,2,1,853904,3337856,0.001812
Heapsort,100000,2,1,2794870,4492302,0.004610
Quicksort,100000,2,1,2243575,441874,0.001203
Introsort,100000,2,1,3081475,492509,0.001418
Contagem,100000,2,1,99999,200000,0.000288
Balde,100000,2,1,199999,400000,0.004464
Radixsort C.,100000,2,1,0,1800000,0.007989
Radixsort B.,100000,2,1,0,1800000,0.018753
Bolha,100000,2,2,4999950000,14999850000,5.626077
Coquetel,100000,2,2,4999950000,14999850000,6.656296
Selecao,100000,2,2,4999950000,150000,2.354909
Insercao,100000,2,2,4999950000,5000149998,1.670888
Shellsort,100000,2,2,1683014,2972650,0.001658
Mergesort,100000,2,2,853904,3337856,0.001893
Heapsort,100000,2,2,2794870,4492302,0.004678
Quicksort,100000,2,2,2243575,441874,0.001205
Introsort,100000,2,2,3081475,492509,0.001462
Contagem,100000,2,2,99999,200000,0.000319
Balde,100000,2,2,199999,400000,0.004424
Radixsort C.,100000,2,2,0,1800000,0.006990
Radixsort B.,100000,2,2,0,1800000,0.019020
Bolha,100000,2,3,4999950000,14999850000,5.555262
Coquetel,100000,2,3,4999950000,14999850000,6.642917
Selecao,100000,2,3,4999950000,150000,2.377744
Insercao,100000,2,3,4999950000,5000149998,1.669063
Shellsort,100000,2,3,1683014,2972650,0.001668
Mergesort,100000,2,3,853904,3337856,0.001814
Heapsort,100000,2,3,2794870,4492302,0.004733
Quicksort,100000,2,3,2243575,441874,0.001212
Introsort,100000,2,3,3081475,492509,0.001430
Contagem,100000,2,3,99999,200000,0.000280
Balde,100000,2,3,199999,400000,0.004568
Radixsort C.,100000,2,3,0,1800000,0.007064
Radixsort B.,100000,2,3,0,1800000,0.018974
Bolha,100000,3,1,4999870200,7496833404,11.637468
Coquetel,100000,3,1,3750974790,7496833404,8.882906
Selecao,100000,3,1,4999950000,299973,2.694221
Insercao,100000,3,1,2499044459,2499144466,0.883832
Shellsort,100000,3,1,2542403,3811280,0.008476
Mergesort,100000,3,1,1536275,3260325,0.007256
Heapsort,100000,3,1,2950074,4725108,0.008444
Quicksort,100000,3,1,2297126,1128740,0.005802
Introsort,100000,3,1,1982845,843665,0.005493
Contagem,100000,3,1,99999,200011,0.002734
Balde,100000,3,1,203925,403937,0.006747
Radixsort C.,100000,3,1,0,1800000,0.005106
Radixsort B.,100000,3,1,0,1800000,0.032323
Bolha,100000,3,2,4999893384,7490032809,11.482236
Coquetel,100000,3,2,3743215955,7490032809,8.788504
Selecao,100000,3,2,4999950000,299961,2.630343
Insercao,100000,3,2,2496777592,2496877601,0.867296
Shellsort,100000,3,2,2534765,3803570,0.008210
Mergesort,100000,3,2,1536424,3260796,0.007196
Heapsort,100000,3,2,2950656,4725981,0.008090
Quicksort,100000,3,2,2327608,1097727,0.005525
Introsort,100000,3,2,1981275,841283,0.005440
Contagem,100000,3,2,99999,200013,0.002119
Balde,100000,3,2,203960,403974,0.006812
Radixsort C.,100000,3,2,0,1800000,0.005281
Radixsort B.,100000,3,2,0,1800000,0.026585
Bolha,100000,3,3,4999818159,7510150398,11.410937
Coquetel,100000,3,3,3754021679,7510150398,8.826605
Selecao,100000,3,3,4999950000,299961,2.543415
Insercao,100000,3,3,2503483452,2503583464,0.859062
Shellsort,100000,3,3,2544518,3813582,0.008007
Mergesort,100000,3,3,1536516,3260842,0.007066
Heapsort,100000,3,3,2949818,4724724,0.008096
Quicksort,100000,3,3,2219056,1087350,0.005618
Introsort,100000,3,3,1968875,845503,0.005452
Contagem,100000,3,3,99999,200015,0.001983
Balde,100000,3,3,204136,404152,0.006619
Radixsort C.,100000,3,3,0,1800000,0.004992
Radixsort B.,100000,3,3,0,1800000,0.027073
